-- phpMyAdmin SQL Dump
-- version 4.4.13.1deb1
-- http://www.phpmyadmin.net
--
-- Client :  localhost
-- Généré le :  Mar 17 Novembre 2015 à 21:05
-- Version du serveur :  5.6.27-0ubuntu1
-- Version de PHP :  5.6.11-1ubuntu3.1

SET SQL_MODE = "NO_AUTO_VALUE_ON_ZERO";
SET time_zone = "+00:00";


/*!40101 SET @OLD_CHARACTER_SET_CLIENT=@@CHARACTER_SET_CLIENT */;
/*!40101 SET @OLD_CHARACTER_SET_RESULTS=@@CHARACTER_SET_RESULTS */;
/*!40101 SET @OLD_COLLATION_CONNECTION=@@COLLATION_CONNECTION */;
/*!40101 SET NAMES utf8mb4 */;

--
-- Base de données :  `randonner_test`
--

-- --------------------------------------------------------

--
-- Structure de la table `pun_categories`
--

CREATE TABLE IF NOT EXISTS `pun_categories` (
  `id` int(10) unsigned NOT NULL,
  `cat_name` varchar(80) NOT NULL DEFAULT 'New Category',
  `disp_position` int(10) NOT NULL DEFAULT '0'
) ENGINE=MyISAM AUTO_INCREMENT=14 DEFAULT CHARSET=utf8;

--
-- Contenu de la table `pun_categories`
--

INSERT INTO `pun_categories` (`id`, `cat_name`, `disp_position`) VALUES
(3, 'Communauté et rencontres', 6),
(4, 'Achats/Ventes', 7),
(5, 'Partageons notre expérience de la randonnée légère', 5),
(6, 'Autres forums', 8),
(13, 'L''association RL', 4),
(11, 'Projets et développement du site', 3);

-- --------------------------------------------------------

--
-- Structure de la table `pun_forums`
--

CREATE TABLE IF NOT EXISTS `pun_forums` (
  `id` int(10) unsigned NOT NULL,
  `forum_name` varchar(80) NOT NULL DEFAULT 'New forum',
  `forum_desc` text,
  `redirect_url` varchar(100) DEFAULT NULL,
  `moderators` text,
  `num_topics` mediumint(8) unsigned NOT NULL DEFAULT '0',
  `num_posts` mediumint(8) unsigned NOT NULL DEFAULT '0',
  `last_post` int(10) unsigned DEFAULT NULL,
  `last_post_id` int(10) unsigned DEFAULT NULL,
  `last_poster` varchar(200) DEFAULT NULL,
  `sort_by` tinyint(1) NOT NULL DEFAULT '0',
  `disp_position` int(10) NOT NULL DEFAULT '0',
  `cat_id` int(10) unsigned NOT NULL DEFAULT '0'
) ENGINE=MyISAM AUTO_INCREMENT=63 DEFAULT CHARSET=utf8;

--
-- Contenu de la table `pun_forums`
--

INSERT INTO `pun_forums` (`id`, `forum_name`, `forum_desc`, `redirect_url`, `moderators`, `num_topics`, `num_posts`, `last_post`, `last_post_id`, `last_poster`, `sort_by`, `disp_position`, `cat_id`) VALUES
(2, '(ex forum) - Découverte de la rando légère', NULL, NULL, NULL, 1, 1, 1447808283, 11, 'Admin', 0, 1, 6),
(3, 'Découvertes et tests de matériels légers', 'Analyses et comptes rendus [Modo : Zaack77]', NULL, 'a:7:{s:4:"eraz";i:1808;s:4:"Fils";i:2901;s:12:"fredlafouine";i:3433;s:3:"ith";i:1018;s:16:"Les modérateurs";i:5572;s:6:"SpySNL";i:434;s:7:"zaack77";i:304;}', 1, 1, 1447808177, 6, 'Admin', 0, 2, 5),
(5, 'Questions, astuces et listes prévisionnelles', 'Techniques et connaissances pour s’alléger [Modo : Fredlafouine]', NULL, 'a:7:{s:4:"eraz";i:1808;s:4:"Fils";i:2901;s:12:"fredlafouine";i:3433;s:3:"ith";i:1018;s:16:"Les modérateurs";i:5572;s:6:"SpySNL";i:434;s:7:"zaack77";i:304;}', 1, 1, 1447808313, 17, 'Admin', 0, 6, 5),
(6, '(ex forum) - Vos listes d''équipement', NULL, NULL, NULL, 1, 1, 1447808272, 9, 'Admin', 0, 3, 6),
(7, 'Retours du terrain', 'Récits et listes associées  [Modo : oli_v_ier]', NULL, 'a:7:{s:4:"eraz";i:1808;s:4:"Fils";i:2901;s:12:"fredlafouine";i:3433;s:3:"ith";i:1018;s:16:"Les modérateurs";i:5572;s:6:"SpySNL";i:434;s:7:"zaack77";i:304;}', 1, 1, 1447808165, 5, 'Admin', 0, 1, 5),
(10, '(ex forum) - Trucs et astuces', NULL, NULL, NULL, 1, 1, 1447808278, 10, 'Admin', 0, 2, 6),
(11, 'Achats / Ventes / Dons / Trocs / Emprunts', '/!\\ <a href="http://www.randonner-leger.org/forum/viewtopic.php?id=15919">Règles à suivre</a>. [Modo : BigCactus]', NULL, 'a:7:{s:4:"eraz";i:1808;s:4:"Fils";i:2901;s:12:"fredlafouine";i:3433;s:3:"ith";i:1018;s:16:"Les modérateurs";i:5572;s:6:"SpySNL";i:434;s:7:"zaack77";i:304;}', 1, 1, 1447808293, 13, 'Admin', 1, 2, 4),
(13, 'Trombinoscope et fil personnel', 'Faisons connaissance : Partageons nos photos, envies, blogs, passions. [Modo : BigCactus]', NULL, 'a:7:{s:4:"eraz";i:1808;s:4:"Fils";i:2901;s:12:"fredlafouine";i:3433;s:3:"ith";i:1018;s:16:"Les modérateurs";i:5572;s:6:"SpySNL";i:434;s:7:"zaack77";i:304;}', 1, 1, 1447808308, 16, 'Admin', 0, 0, 3),
(15, 'Wiki et TU (Topics Uniques)', '[Modo : Highpictv - Ith]', NULL, 'a:7:{s:4:"eraz";i:1808;s:4:"Fils";i:2901;s:12:"fredlafouine";i:3433;s:3:"ith";i:1018;s:16:"Les modérateurs";i:5572;s:6:"SpySNL";i:434;s:7:"zaack77";i:304;}', 1, 1, 1447808139, 3, 'Admin', 0, 2, 11),
(20, 'L''Atelier des Bricoleurs', 'Des inventions artisanales pour nous alléger [Modo : SpySNL]', NULL, 'a:7:{s:4:"eraz";i:1808;s:4:"Fils";i:2901;s:12:"fredlafouine";i:3433;s:3:"ith";i:1018;s:16:"Les modérateurs";i:5572;s:6:"SpySNL";i:434;s:7:"zaack77";i:304;}', 1, 1, 1447808328, 20, 'Admin', 0, 3, 5),
(22, 'Rencontres autour de la randonnée légère', 'Pour une rando, un apéro, rencontrons nous ! [Modo : Eroes]', NULL, 'a:7:{s:4:"eraz";i:1808;s:4:"Fils";i:2901;s:12:"fredlafouine";i:3433;s:3:"ith";i:1018;s:16:"Les modérateurs";i:5572;s:6:"SpySNL";i:434;s:7:"zaack77";i:304;}', 1, 1, 1447808301, 15, 'Admin', 0, 1, 3),
(24, 'L''alimentation en randonnée légère', 'Comment bien manger en portant le moins possible', NULL, 'a:7:{s:4:"eraz";i:1808;s:4:"Fils";i:2901;s:12:"fredlafouine";i:3433;s:3:"ith";i:1018;s:16:"Les modérateurs";i:5572;s:6:"SpySNL";i:434;s:7:"zaack77";i:304;}', 1, 1, 1447808324, 19, 'Admin', 0, 4, 5),
(26, 'A propos du site internet', 'Actualités, suggestions et questions [Modo : oli_v_ier]', NULL, 'a:7:{s:4:"eraz";i:1808;s:4:"Fils";i:2901;s:12:"fredlafouine";i:3433;s:3:"ith";i:1018;s:16:"Les modérateurs";i:5572;s:6:"SpySNL";i:434;s:7:"zaack77";i:304;}', 1, 1, 1447808119, 2, 'Admin', 0, 1, 11),
(30, 'Archives des Achats / Ventes / Dons / Trocs / Emprunts', 'Annonces périmées [Modo : BigCactus]', NULL, 'a:7:{s:4:"eraz";i:1808;s:4:"Fils";i:2901;s:12:"fredlafouine";i:3433;s:3:"ith";i:1018;s:16:"Les modérateurs";i:5572;s:6:"SpySNL";i:434;s:7:"zaack77";i:304;}', 1, 1, 1447808288, 12, 'Admin', 0, 3, 4),
(49, 'Archives - autre', '[Modo : BigCactus]', NULL, 'a:5:{s:4:"Fils";i:2901;s:12:"fredlafouine";i:3433;s:3:"ith";i:1018;s:16:"Les modérateurs";i:5572;s:6:"SpySNL";i:434;}', 1, 1, 1447808268, 8, 'Admin', 2, 6, 6),
(47, 'Philosophie et culture de la randonnée légère', 'Votre interprétation, vos réflexions sur la MUL [Modo : Eraz]', NULL, 'a:7:{s:4:"eraz";i:1808;s:4:"Fils";i:2901;s:12:"fredlafouine";i:3433;s:3:"ith";i:1018;s:16:"Les modérateurs";i:5572;s:6:"SpySNL";i:434;s:7:"zaack77";i:304;}', 1, 1, 1447808318, 18, 'Admin', 0, 5, 5),
(54, 'Archives - itinéraires', '[Modo : BigCactus]', NULL, 'a:5:{s:4:"Fils";i:2901;s:12:"fredlafouine";i:3433;s:3:"ith";i:1018;s:16:"Les modérateurs";i:5572;s:6:"SpySNL";i:434;}', 1, 1, 1447808264, 7, 'Admin', 2, 7, 6),
(59, 'Avec les professionnels', '<u>Discutons</u> de nos envies et de nos besoins', NULL, NULL, 1, 1, 1447808297, 14, 'Admin', 1, 2, 3),
(57, 'Association Randonner Léger', 'Actualités, camp de base, magazine, comité régionaux, prêt de matériel (<a href="http://www.randonner-leger.org/association/">Présentation</a>)', NULL, NULL, 1, 1, 1447808152, 4, 'Admin', 0, 0, 13);

-- --------------------------------------------------------

--
-- Structure de la table `pun_posts`
--

CREATE TABLE IF NOT EXISTS `pun_posts` (
  `id` int(10) unsigned NOT NULL,
  `poster` varchar(200) NOT NULL DEFAULT '',
  `poster_id` int(10) unsigned NOT NULL DEFAULT '1',
  `poster_ip` varchar(39) DEFAULT NULL,
  `poster_email` varchar(80) DEFAULT NULL,
  `message` mediumtext,
  `hide_smilies` tinyint(1) NOT NULL DEFAULT '0',
  `posted` int(10) unsigned NOT NULL DEFAULT '0',
  `edited` int(10) unsigned DEFAULT NULL,
  `edited_by` varchar(200) DEFAULT NULL,
  `topic_id` int(10) unsigned NOT NULL DEFAULT '0'
) ENGINE=MyISAM AUTO_INCREMENT=21 DEFAULT CHARSET=utf8;

--
-- Contenu de la table `pun_posts`
--

INSERT INTO `pun_posts` (`id`, `poster`, `poster_id`, `poster_ip`, `poster_email`, `message`, `hide_smilies`, `posted`, `edited`, `edited_by`, `topic_id`) VALUES
(1, 'Admin', 2, '127.0.0.1', NULL, 'If you are looking at this (which I guess you are), the install of FluxBB appears to have worked! Now log in and head over to the administration control panel to configure your forum.', 0, 1447806745, NULL, NULL, 1),
(2, 'Admin', 2, '127.0.0.1', NULL, 'Lorem ipsum dolor sit amet, consectetur adipiscing elit. Ut porta erat ac libero feugiat blandit. In feugiat turpis dolor, eu sagittis lectus iaculis non. In faucibus auctor felis vel fermentum. In at odio at eros porttitor mollis quis et ligula. Etiam pulvinar id metus vitae efficitur. Nullam consectetur eu lorem ac laoreet. Praesent purus augue, molestie et elit varius, fringilla auctor ex. Vivamus ante neque, convallis vel pulvinar ut, mollis eget est.\n\nDonec rutrum sed enim scelerisque dapibus. Nam ac turpis tempor, feugiat mauris in, pellentesque metus. Nullam in elit ut quam maximus tristique. In tincidunt lobortis tempus. Vestibulum egestas vitae purus sit amet eleifend. Nam in ipsum sit amet urna tincidunt faucibus a sit amet nulla. Maecenas eleifend molestie libero, id auctor dui posuere id.\n\nQuisque rhoncus massa quis arcu venenatis ultrices. Praesent id risus sit amet erat venenatis suscipit nec eget purus. Praesent quis volutpat elit, sed commodo dolor. Mauris mattis, justo at accumsan semper, enim lectus suscipit ante, in imperdiet risus enim a magna. Suspendisse risus urna, convallis sed pharetra vitae, varius at nisl. Proin suscipit tellus in vehicula eleifend. Aliquam pretium venenatis sem consequat mollis. Aliquam eu quam ac mi facilisis dictum. Maecenas accumsan fringilla ex et molestie. Nullam lacinia metus felis, at feugiat purus rutrum in. Nunc quam erat, congue id pellentesque sit amet, volutpat non est. In sit amet porttitor leo. Proin nec lobortis ligula. Donec sem ipsum, congue ut dolor quis, maximus vehicula metus. Praesent ac eleifend sapien, vel maximus urna.\n\nInteger accumsan volutpat velit, vel congue ligula tempus in. Nullam dignissim justo erat, a dictum ante molestie sed. Vestibulum consectetur libero nisi, vel imperdiet arcu semper quis. Donec et purus risus. Etiam lectus mi, egestas id elit a, pretium feugiat risus. Nunc velit mauris, semper vel nisi in, feugiat volutpat elit. Sed tincidunt sapien eu nisl placerat, nec vestibulum tellus imperdiet. Curabitur tempor, sem non vestibulum faucibus, lectus purus faucibus enim, ac consequat lorem turpis at erat.\n\nNam eget diam sit amet nunc egestas laoreet. Morbi pellentesque risus purus, quis fringilla lectus sagittis vitae. Mauris commodo, est ac ullamcorper rutrum, tortor lorem finibus purus, vitae accumsan urna arcu ultricies massa. Nulla id tortor imperdiet, posuere augue quis, porttitor sapien. Phasellus eget auctor ligula. Aliquam cursus vel lectus vel dignissim. Cras vel metus tellus. Nunc varius, dui venenatis placerat iaculis, eros tellus varius massa, vitae faucibus metus purus in sapien. Vestibulum dictum porttitor urna sed scelerisque. Integer leo tortor, vulputate vitae faucibus non, ornare nec turpis. Integer aliquam sapien massa, eu volutpat nibh aliquet ut. Curabitur placerat blandit sem, id malesuada nisl fringilla sit amet. Curabitur lectus dolor, dictum sed arcu id, mattis bibendum ligula.', 0, 1447808119, NULL, NULL, 2),
(3, 'Admin', 2, '127.0.0.1', NULL, 'Lorem ipsum dolor sit amet, consectetur adipiscing elit. Ut porta erat ac libero feugiat blandit. In feugiat turpis dolor, eu sagittis lectus iaculis non. In faucibus auctor felis vel fermentum. In at odio at eros porttitor mollis quis et ligula. Etiam pulvinar id metus vitae efficitur. Nullam consectetur eu lorem ac laoreet. Praesent purus augue, molestie et elit varius, fringilla auctor ex. Vivamus ante neque, convallis vel pulvinar ut, mollis eget est.\n\nDonec rutrum sed enim scelerisque dapibus. Nam ac turpis tempor, feugiat mauris in, pellentesque metus. Nullam in elit ut quam maximus tristique. In tincidunt lobortis tempus. Vestibulum egestas vitae purus sit amet eleifend. Nam in ipsum sit amet urna tincidunt faucibus a sit amet nulla. Maecenas eleifend molestie libero, id auctor dui posuere id.\n\nQuisque rhoncus massa quis arcu venenatis ultrices. Praesent id risus sit amet erat venenatis suscipit nec eget purus. Praesent quis volutpat elit, sed commodo dolor. Mauris mattis, justo at accumsan semper, enim lectus suscipit ante, in imperdiet risus enim a magna. Suspendisse risus urna, convallis sed pharetra vitae, varius at nisl. Proin suscipit tellus in vehicula eleifend. Aliquam pretium venenatis sem consequat mollis. Aliquam eu quam ac mi facilisis dictum. Maecenas accumsan fringilla ex et molestie. Nullam lacinia metus felis, at feugiat purus rutrum in. Nunc quam erat, congue id pellentesque sit amet, volutpat non est. In sit amet porttitor leo. Proin nec lobortis ligula. Donec sem ipsum, congue ut dolor quis, maximus vehicula metus. Praesent ac eleifend sapien, vel maximus urna.\n\nInteger accumsan volutpat velit, vel congue ligula tempus in. Nullam dignissim justo erat, a dictum ante molestie sed. Vestibulum consectetur libero nisi, vel imperdiet arcu semper quis. Donec et purus risus. Etiam lectus mi, egestas id elit a, pretium feugiat risus. Nunc velit mauris, semper vel nisi in, feugiat volutpat elit. Sed tincidunt sapien eu nisl placerat, nec vestibulum tellus imperdiet. Curabitur tempor, sem non vestibulum faucibus, lectus purus faucibus enim, ac consequat lorem turpis at erat.\n\nNam eget diam sit amet nunc egestas laoreet. Morbi pellentesque risus purus, quis fringilla lectus sagittis vitae. Mauris commodo, est ac ullamcorper rutrum, tortor lorem finibus purus, vitae accumsan urna arcu ultricies massa. Nulla id tortor imperdiet, posuere augue quis, porttitor sapien. Phasellus eget auctor ligula. Aliquam cursus vel lectus vel dignissim. Cras vel metus tellus. Nunc varius, dui venenatis placerat iaculis, eros tellus varius massa, vitae faucibus metus purus in sapien. Vestibulum dictum porttitor urna sed scelerisque. Integer leo tortor, vulputate vitae faucibus non, ornare nec turpis. Integer aliquam sapien massa, eu volutpat nibh aliquet ut. Curabitur placerat blandit sem, id malesuada nisl fringilla sit amet. Curabitur lectus dolor, dictum sed arcu id, mattis bibendum ligula.', 0, 1447808139, NULL, NULL, 3),
(4, 'Admin', 2, '127.0.0.1', NULL, 'Lorem ipsum dolor sit amet, consectetur adipiscing elit. Ut porta erat ac libero feugiat blandit. In feugiat turpis dolor, eu sagittis lectus iaculis non. In faucibus auctor felis vel fermentum. In at odio at eros porttitor mollis quis et ligula. Etiam pulvinar id metus vitae efficitur. Nullam consectetur eu lorem ac laoreet. Praesent purus augue, molestie et elit varius, fringilla auctor ex. Vivamus ante neque, convallis vel pulvinar ut, mollis eget est.\n\nDonec rutrum sed enim scelerisque dapibus. Nam ac turpis tempor, feugiat mauris in, pellentesque metus. Nullam in elit ut quam maximus tristique. In tincidunt lobortis tempus. Vestibulum egestas vitae purus sit amet eleifend. Nam in ipsum sit amet urna tincidunt faucibus a sit amet nulla. Maecenas eleifend molestie libero, id auctor dui posuere id.\n\nQuisque rhoncus massa quis arcu venenatis ultrices. Praesent id risus sit amet erat venenatis suscipit nec eget purus. Praesent quis volutpat elit, sed commodo dolor. Mauris mattis, justo at accumsan semper, enim lectus suscipit ante, in imperdiet risus enim a magna. Suspendisse risus urna, convallis sed pharetra vitae, varius at nisl. Proin suscipit tellus in vehicula eleifend. Aliquam pretium venenatis sem consequat mollis. Aliquam eu quam ac mi facilisis dictum. Maecenas accumsan fringilla ex et molestie. Nullam lacinia metus felis, at feugiat purus rutrum in. Nunc quam erat, congue id pellentesque sit amet, volutpat non est. In sit amet porttitor leo. Proin nec lobortis ligula. Donec sem ipsum, congue ut dolor quis, maximus vehicula metus. Praesent ac eleifend sapien, vel maximus urna.\n\nInteger accumsan volutpat velit, vel congue ligula tempus in. Nullam dignissim justo erat, a dictum ante molestie sed. Vestibulum consectetur libero nisi, vel imperdiet arcu semper quis. Donec et purus risus. Etiam lectus mi, egestas id elit a, pretium feugiat risus. Nunc velit mauris, semper vel nisi in, feugiat volutpat elit. Sed tincidunt sapien eu nisl placerat, nec vestibulum tellus imperdiet. Curabitur tempor, sem non vestibulum faucibus, lectus purus faucibus enim, ac consequat lorem turpis at erat.\n\nNam eget diam sit amet nunc egestas laoreet. Morbi pellentesque risus purus, quis fringilla lectus sagittis vitae. Mauris commodo, est ac ullamcorper rutrum, tortor lorem finibus purus, vitae accumsan urna arcu ultricies massa. Nulla id tortor imperdiet, posuere augue quis, porttitor sapien. Phasellus eget auctor ligula. Aliquam cursus vel lectus vel dignissim. Cras vel metus tellus. Nunc varius, dui venenatis placerat iaculis, eros tellus varius massa, vitae faucibus metus purus in sapien. Vestibulum dictum porttitor urna sed scelerisque. Integer leo tortor, vulputate vitae faucibus non, ornare nec turpis. Integer aliquam sapien massa, eu volutpat nibh aliquet ut. Curabitur placerat blandit sem, id malesuada nisl fringilla sit amet. Curabitur lectus dolor, dictum sed arcu id, mattis bibendum ligula.', 0, 1447808152, NULL, NULL, 4),
(5, 'Admin', 2, '127.0.0.1', NULL, 'Lorem ipsum dolor sit amet, consectetur adipiscing elit. Ut porta erat ac libero feugiat blandit. In feugiat turpis dolor, eu sagittis lectus iaculis non. In faucibus auctor felis vel fermentum. In at odio at eros porttitor mollis quis et ligula. Etiam pulvinar id metus vitae efficitur. Nullam consectetur eu lorem ac laoreet. Praesent purus augue, molestie et elit varius, fringilla auctor ex. Vivamus ante neque, convallis vel pulvinar ut, mollis eget est.\n\nDonec rutrum sed enim scelerisque dapibus. Nam ac turpis tempor, feugiat mauris in, pellentesque metus. Nullam in elit ut quam maximus tristique. In tincidunt lobortis tempus. Vestibulum egestas vitae purus sit amet eleifend. Nam in ipsum sit amet urna tincidunt faucibus a sit amet nulla. Maecenas eleifend molestie libero, id auctor dui posuere id.\n\nQuisque rhoncus massa quis arcu venenatis ultrices. Praesent id risus sit amet erat venenatis suscipit nec eget purus. Praesent quis volutpat elit, sed commodo dolor. Mauris mattis, justo at accumsan semper, enim lectus suscipit ante, in imperdiet risus enim a magna. Suspendisse risus urna, convallis sed pharetra vitae, varius at nisl. Proin suscipit tellus in vehicula eleifend. Aliquam pretium venenatis sem consequat mollis. Aliquam eu quam ac mi facilisis dictum. Maecenas accumsan fringilla ex et molestie. Nullam lacinia metus felis, at feugiat purus rutrum in. Nunc quam erat, congue id pellentesque sit amet, volutpat non est. In sit amet porttitor leo. Proin nec lobortis ligula. Donec sem ipsum, congue ut dolor quis, maximus vehicula metus. Praesent ac eleifend sapien, vel maximus urna.\n\nInteger accumsan volutpat velit, vel congue ligula tempus in. Nullam dignissim justo erat, a dictum ante molestie sed. Vestibulum consectetur libero nisi, vel imperdiet arcu semper quis. Donec et purus risus. Etiam lectus mi, egestas id elit a, pretium feugiat risus. Nunc velit mauris, semper vel nisi in, feugiat volutpat elit. Sed tincidunt sapien eu nisl placerat, nec vestibulum tellus imperdiet. Curabitur tempor, sem non vestibulum faucibus, lectus purus faucibus enim, ac consequat lorem turpis at erat.\n\nNam eget diam sit amet nunc egestas laoreet. Morbi pellentesque risus purus, quis fringilla lectus sagittis vitae. Mauris commodo, est ac ullamcorper rutrum, tortor lorem finibus purus, vitae accumsan urna arcu ultricies massa. Nulla id tortor imperdiet, posuere augue quis, porttitor sapien. Phasellus eget auctor ligula. Aliquam cursus vel lectus vel dignissim. Cras vel metus tellus. Nunc varius, dui venenatis placerat iaculis, eros tellus varius massa, vitae faucibus metus purus in sapien. Vestibulum dictum porttitor urna sed scelerisque. Integer leo tortor, vulputate vitae faucibus non, ornare nec turpis. Integer aliquam sapien massa, eu volutpat nibh aliquet ut. Curabitur placerat blandit sem, id malesuada nisl fringilla sit amet. Curabitur lectus dolor, dictum sed arcu id, mattis bibendum ligula.', 0, 1447808165, NULL, NULL, 5),
(6, 'Admin', 2, '127.0.0.1', NULL, 'Lorem ipsum dolor sit amet, consectetur adipiscing elit. Ut porta erat ac libero feugiat blandit. In feugiat turpis dolor, eu sagittis lectus iaculis non. In faucibus auctor felis vel fermentum. In at odio at eros porttitor mollis quis et ligula. Etiam pulvinar id metus vitae efficitur. Nullam consectetur eu lorem ac laoreet. Praesent purus augue, molestie et elit varius, fringilla auctor ex. Vivamus ante neque, convallis vel pulvinar ut, mollis eget est.\n\nDonec rutrum sed enim scelerisque dapibus. Nam ac turpis tempor, feugiat mauris in, pellentesque metus. Nullam in elit ut quam maximus tristique. In tincidunt lobortis tempus. Vestibulum egestas vitae purus sit amet eleifend. Nam in ipsum sit amet urna tincidunt faucibus a sit amet nulla. Maecenas eleifend molestie libero, id auctor dui posuere id.\n\nQuisque rhoncus massa quis arcu venenatis ultrices. Praesent id risus sit amet erat venenatis suscipit nec eget purus. Praesent quis volutpat elit, sed commodo dolor. Mauris mattis, justo at accumsan semper, enim lectus suscipit ante, in imperdiet risus enim a magna. Suspendisse risus urna, convallis sed pharetra vitae, varius at nisl. Proin suscipit tellus in vehicula eleifend. Aliquam pretium venenatis sem consequat mollis. Aliquam eu quam ac mi facilisis dictum. Maecenas accumsan fringilla ex et molestie. Nullam lacinia metus felis, at feugiat purus rutrum in. Nunc quam erat, congue id pellentesque sit amet, volutpat non est. In sit amet porttitor leo. Proin nec lobortis ligula. Donec sem ipsum, congue ut dolor quis, maximus vehicula metus. Praesent ac eleifend sapien, vel maximus urna.\n\nInteger accumsan volutpat velit, vel congue ligula tempus in. Nullam dignissim justo erat, a dictum ante molestie sed. Vestibulum consectetur libero nisi, vel imperdiet arcu semper quis. Donec et purus risus. Etiam lectus mi, egestas id elit a, pretium feugiat risus. Nunc velit mauris, semper vel nisi in, feugiat volutpat elit. Sed tincidunt sapien eu nisl placerat, nec vestibulum tellus imperdiet. Curabitur tempor, sem non vestibulum faucibus, lectus purus faucibus enim, ac consequat lorem turpis at erat.\n\nNam eget diam sit amet nunc egestas laoreet. Morbi pellentesque risus purus, quis fringilla lectus sagittis vitae. Mauris commodo, est ac ullamcorper rutrum, tortor lorem finibus purus, vitae accumsan urna arcu ultricies massa. Nulla id tortor imperdiet, posuere augue quis, porttitor sapien. Phasellus eget auctor ligula. Aliquam cursus vel lectus vel dignissim. Cras vel metus tellus. Nunc varius, dui venenatis placerat iaculis, eros tellus varius massa, vitae faucibus metus purus in sapien. Vestibulum dictum porttitor urna sed scelerisque. Integer leo tortor, vulputate vitae faucibus non, ornare nec turpis. Integer aliquam sapien massa, eu volutpat nibh aliquet ut. Curabitur placerat blandit sem, id malesuada nisl fringilla sit amet. Curabitur lectus dolor, dictum sed arcu id, mattis bibendum ligula.', 0, 1447808177, NULL, NULL, 6),
(7, 'Admin', 2, '127.0.0.1', NULL, 'Lorem ipsum dolor sit amet, consectetur adipiscing elit. Ut porta erat ac libero feugiat blandit. In feugiat turpis dolor, eu sagittis lectus iaculis non. In faucibus auctor felis vel fermentum. In at odio at eros porttitor mollis quis et ligula. Etiam pulvinar id metus vitae efficitur. Nullam consectetur eu lorem ac laoreet. Praesent purus augue, molestie et elit varius, fringilla auctor ex. Vivamus ante neque, convallis vel pulvinar ut, mollis eget est.\n\nDonec rutrum sed enim scelerisque dapibus. Nam ac turpis tempor, feugiat mauris in, pellentesque metus. Nullam in elit ut quam maximus tristique. In tincidunt lobortis tempus. Vestibulum egestas vitae purus sit amet eleifend. Nam in ipsum sit amet urna tincidunt faucibus a sit amet nulla. Maecenas eleifend molestie libero, id auctor dui posuere id.\n\nQuisque rhoncus massa quis arcu venenatis ultrices. Praesent id risus sit amet erat venenatis suscipit nec eget purus. Praesent quis volutpat elit, sed commodo dolor. Mauris mattis, justo at accumsan semper, enim lectus suscipit ante, in imperdiet risus enim a magna. Suspendisse risus urna, convallis sed pharetra vitae, varius at nisl. Proin suscipit tellus in vehicula eleifend. Aliquam pretium venenatis sem consequat mollis. Aliquam eu quam ac mi facilisis dictum. Maecenas accumsan fringilla ex et molestie. Nullam lacinia metus felis, at feugiat purus rutrum in. Nunc quam erat, congue id pellentesque sit amet, volutpat non est. In sit amet porttitor leo. Proin nec lobortis ligula. Donec sem ipsum, congue ut dolor quis, maximus vehicula metus. Praesent ac eleifend sapien, vel maximus urna.\n\nInteger accumsan volutpat velit, vel congue ligula tempus in. Nullam dignissim justo erat, a dictum ante molestie sed. Vestibulum consectetur libero nisi, vel imperdiet arcu semper quis. Donec et purus risus. Etiam lectus mi, egestas id elit a, pretium feugiat risus. Nunc velit mauris, semper vel nisi in, feugiat volutpat elit. Sed tincidunt sapien eu nisl placerat, nec vestibulum tellus imperdiet. Curabitur tempor, sem non vestibulum faucibus, lectus purus faucibus enim, ac consequat lorem turpis at erat.\n\nNam eget diam sit amet nunc egestas laoreet. Morbi pellentesque risus purus, quis fringilla lectus sagittis vitae. Mauris commodo, est ac ullamcorper rutrum, tortor lorem finibus purus, vitae accumsan urna arcu ultricies massa. Nulla id tortor imperdiet, posuere augue quis, porttitor sapien. Phasellus eget auctor ligula. Aliquam cursus vel lectus vel dignissim. Cras vel metus tellus. Nunc varius, dui venenatis placerat iaculis, eros tellus varius massa, vitae faucibus metus purus in sapien. Vestibulum dictum porttitor urna sed scelerisque. Integer leo tortor, vulputate vitae faucibus non, ornare nec turpis. Integer aliquam sapien massa, eu volutpat nibh aliquet ut. Curabitur placerat blandit sem, id malesuada nisl fringilla sit amet. Curabitur lectus dolor, dictum sed arcu id, mattis bibendum ligula.', 0, 1447808264, NULL, NULL, 7),
(8, 'Admin', 2, '127.0.0.1', NULL, 'Lorem ipsum dolor sit amet, consectetur adipiscing elit. Ut porta erat ac libero feugiat blandit. In feugiat turpis dolor, eu sagittis lectus iaculis non. In faucibus auctor felis vel fermentum. In at odio at eros porttitor mollis quis et ligula. Etiam pulvinar id metus vitae efficitur. Nullam consectetur eu lorem ac laoreet. Praesent purus augue, molestie et elit varius, fringilla auctor ex. Vivamus ante neque, convallis vel pulvinar ut, mollis eget est.\n\nDonec rutrum sed enim scelerisque dapibus. Nam ac turpis tempor, feugiat mauris in, pellentesque metus. Nullam in elit ut quam maximus tristique. In tincidunt lobortis tempus. Vestibulum egestas vitae purus sit amet eleifend. Nam in ipsum sit amet urna tincidunt faucibus a sit amet nulla. Maecenas eleifend molestie libero, id auctor dui posuere id.\n\nQuisque rhoncus massa quis arcu venenatis ultrices. Praesent id risus sit amet erat venenatis suscipit nec eget purus. Praesent quis volutpat elit, sed commodo dolor. Mauris mattis, justo at accumsan semper, enim lectus suscipit ante, in imperdiet risus enim a magna. Suspendisse risus urna, convallis sed pharetra vitae, varius at nisl. Proin suscipit tellus in vehicula eleifend. Aliquam pretium venenatis sem consequat mollis. Aliquam eu quam ac mi facilisis dictum. Maecenas accumsan fringilla ex et molestie. Nullam lacinia metus felis, at feugiat purus rutrum in. Nunc quam erat, congue id pellentesque sit amet, volutpat non est. In sit amet porttitor leo. Proin nec lobortis ligula. Donec sem ipsum, congue ut dolor quis, maximus vehicula metus. Praesent ac eleifend sapien, vel maximus urna.\n\nInteger accumsan volutpat velit, vel congue ligula tempus in. Nullam dignissim justo erat, a dictum ante molestie sed. Vestibulum consectetur libero nisi, vel imperdiet arcu semper quis. Donec et purus risus. Etiam lectus mi, egestas id elit a, pretium feugiat risus. Nunc velit mauris, semper vel nisi in, feugiat volutpat elit. Sed tincidunt sapien eu nisl placerat, nec vestibulum tellus imperdiet. Curabitur tempor, sem non vestibulum faucibus, lectus purus faucibus enim, ac consequat lorem turpis at erat.\n\nNam eget diam sit amet nunc egestas laoreet. Morbi pellentesque risus purus, quis fringilla lectus sagittis vitae. Mauris commodo, est ac ullamcorper rutrum, tortor lorem finibus purus, vitae accumsan urna arcu ultricies massa. Nulla id tortor imperdiet, posuere augue quis, porttitor sapien. Phasellus eget auctor ligula. Aliquam cursus vel lectus vel dignissim. Cras vel metus tellus. Nunc varius, dui venenatis placerat iaculis, eros tellus varius massa, vitae faucibus metus purus in sapien. Vestibulum dictum porttitor urna sed scelerisque. Integer leo tortor, vulputate vitae faucibus non, ornare nec turpis. Integer aliquam sapien massa, eu volutpat nibh aliquet ut. Curabitur placerat blandit sem, id malesuada nisl fringilla sit amet. Curabitur lectus dolor, dictum sed arcu id, mattis bibendum ligula.', 0, 1447808268, NULL, NULL, 8),
(9, 'Admin', 2, '127.0.0.1', NULL, 'Lorem ipsum dolor sit amet, consectetur adipiscing elit. Ut porta erat ac libero feugiat blandit. In feugiat turpis dolor, eu sagittis lectus iaculis non. In faucibus auctor felis vel fermentum. In at odio at eros porttitor mollis quis et ligula. Etiam pulvinar id metus vitae efficitur. Nullam consectetur eu lorem ac laoreet. Praesent purus augue, molestie et elit varius, fringilla auctor ex. Vivamus ante neque, convallis vel pulvinar ut, mollis eget est.\n\nDonec rutrum sed enim scelerisque dapibus. Nam ac turpis tempor, feugiat mauris in, pellentesque metus. Nullam in elit ut quam maximus tristique. In tincidunt lobortis tempus. Vestibulum egestas vitae purus sit amet eleifend. Nam in ipsum sit amet urna tincidunt faucibus a sit amet nulla. Maecenas eleifend molestie libero, id auctor dui posuere id.\n\nQuisque rhoncus massa quis arcu venenatis ultrices. Praesent id risus sit amet erat venenatis suscipit nec eget purus. Praesent quis volutpat elit, sed commodo dolor. Mauris mattis, justo at accumsan semper, enim lectus suscipit ante, in imperdiet risus enim a magna. Suspendisse risus urna, convallis sed pharetra vitae, varius at nisl. Proin suscipit tellus in vehicula eleifend. Aliquam pretium venenatis sem consequat mollis. Aliquam eu quam ac mi facilisis dictum. Maecenas accumsan fringilla ex et molestie. Nullam lacinia metus felis, at feugiat purus rutrum in. Nunc quam erat, congue id pellentesque sit amet, volutpat non est. In sit amet porttitor leo. Proin nec lobortis ligula. Donec sem ipsum, congue ut dolor quis, maximus vehicula metus. Praesent ac eleifend sapien, vel maximus urna.\n\nInteger accumsan volutpat velit, vel congue ligula tempus in. Nullam dignissim justo erat, a dictum ante molestie sed. Vestibulum consectetur libero nisi, vel imperdiet arcu semper quis. Donec et purus risus. Etiam lectus mi, egestas id elit a, pretium feugiat risus. Nunc velit mauris, semper vel nisi in, feugiat volutpat elit. Sed tincidunt sapien eu nisl placerat, nec vestibulum tellus imperdiet. Curabitur tempor, sem non vestibulum faucibus, lectus purus faucibus enim, ac consequat lorem turpis at erat.\n\nNam eget diam sit amet nunc egestas laoreet. Morbi pellentesque risus purus, quis fringilla lectus sagittis vitae. Mauris commodo, est ac ullamcorper rutrum, tortor lorem finibus purus, vitae accumsan urna arcu ultricies massa. Nulla id tortor imperdiet, posuere augue quis, porttitor sapien. Phasellus eget auctor ligula. Aliquam cursus vel lectus vel dignissim. Cras vel metus tellus. Nunc varius, dui venenatis placerat iaculis, eros tellus varius massa, vitae faucibus metus purus in sapien. Vestibulum dictum porttitor urna sed scelerisque. Integer leo tortor, vulputate vitae faucibus non, ornare nec turpis. Integer aliquam sapien massa, eu volutpat nibh aliquet ut. Curabitur placerat blandit sem, id malesuada nisl fringilla sit amet. Curabitur lectus dolor, dictum sed arcu id, mattis bibendum ligula.', 0, 1447808272, NULL, NULL, 9),
(10, 'Admin', 2, '127.0.0.1', NULL, 'Lorem ipsum dolor sit amet, consectetur adipiscing elit. Ut porta erat ac libero feugiat blandit. In feugiat turpis dolor, eu sagittis lectus iaculis non. In faucibus auctor felis vel fermentum. In at odio at eros porttitor mollis quis et ligula. Etiam pulvinar id metus vitae efficitur. Nullam consectetur eu lorem ac laoreet. Praesent purus augue, molestie et elit varius, fringilla auctor ex. Vivamus ante neque, convallis vel pulvinar ut, mollis eget est.\n\nDonec rutrum sed enim scelerisque dapibus. Nam ac turpis tempor, feugiat mauris in, pellentesque metus. Nullam in elit ut quam maximus tristique. In tincidunt lobortis tempus. Vestibulum egestas vitae purus sit amet eleifend. Nam in ipsum sit amet urna tincidunt faucibus a sit amet nulla. Maecenas eleifend molestie libero, id auctor dui posuere id.\n\nQuisque rhoncus massa quis arcu venenatis ultrices. Praesent id risus sit amet erat venenatis suscipit nec eget purus. Praesent quis volutpat elit, sed commodo dolor. Mauris mattis, justo at accumsan semper, enim lectus suscipit ante, in imperdiet risus enim a magna. Suspendisse risus urna, convallis sed pharetra vitae, varius at nisl. Proin suscipit tellus in vehicula eleifend. Aliquam pretium venenatis sem consequat mollis. Aliquam eu quam ac mi facilisis dictum. Maecenas accumsan fringilla ex et molestie. Nullam lacinia metus felis, at feugiat purus rutrum in. Nunc quam erat, congue id pellentesque sit amet, volutpat non est. In sit amet porttitor leo. Proin nec lobortis ligula. Donec sem ipsum, congue ut dolor quis, maximus vehicula metus. Praesent ac eleifend sapien, vel maximus urna.\n\nInteger accumsan volutpat velit, vel congue ligula tempus in. Nullam dignissim justo erat, a dictum ante molestie sed. Vestibulum consectetur libero nisi, vel imperdiet arcu semper quis. Donec et purus risus. Etiam lectus mi, egestas id elit a, pretium feugiat risus. Nunc velit mauris, semper vel nisi in, feugiat volutpat elit. Sed tincidunt sapien eu nisl placerat, nec vestibulum tellus imperdiet. Curabitur tempor, sem non vestibulum faucibus, lectus purus faucibus enim, ac consequat lorem turpis at erat.\n\nNam eget diam sit amet nunc egestas laoreet. Morbi pellentesque risus purus, quis fringilla lectus sagittis vitae. Mauris commodo, est ac ullamcorper rutrum, tortor lorem finibus purus, vitae accumsan urna arcu ultricies massa. Nulla id tortor imperdiet, posuere augue quis, porttitor sapien. Phasellus eget auctor ligula. Aliquam cursus vel lectus vel dignissim. Cras vel metus tellus. Nunc varius, dui venenatis placerat iaculis, eros tellus varius massa, vitae faucibus metus purus in sapien. Vestibulum dictum porttitor urna sed scelerisque. Integer leo tortor, vulputate vitae faucibus non, ornare nec turpis. Integer aliquam sapien massa, eu volutpat nibh aliquet ut. Curabitur placerat blandit sem, id malesuada nisl fringilla sit amet. Curabitur lectus dolor, dictum sed arcu id, mattis bibendum ligula.', 0, 1447808278, NULL, NULL, 10),
(11, 'Admin', 2, '127.0.0.1', NULL, 'Lorem ipsum dolor sit amet, consectetur adipiscing elit. Ut porta erat ac libero feugiat blandit. In feugiat turpis dolor, eu sagittis lectus iaculis non. In faucibus auctor felis vel fermentum. In at odio at eros porttitor mollis quis et ligula. Etiam pulvinar id metus vitae efficitur. Nullam consectetur eu lorem ac laoreet. Praesent purus augue, molestie et elit varius, fringilla auctor ex. Vivamus ante neque, convallis vel pulvinar ut, mollis eget est.\n\nDonec rutrum sed enim scelerisque dapibus. Nam ac turpis tempor, feugiat mauris in, pellentesque metus. Nullam in elit ut quam maximus tristique. In tincidunt lobortis tempus. Vestibulum egestas vitae purus sit amet eleifend. Nam in ipsum sit amet urna tincidunt faucibus a sit amet nulla. Maecenas eleifend molestie libero, id auctor dui posuere id.\n\nQuisque rhoncus massa quis arcu venenatis ultrices. Praesent id risus sit amet erat venenatis suscipit nec eget purus. Praesent quis volutpat elit, sed commodo dolor. Mauris mattis, justo at accumsan semper, enim lectus suscipit ante, in imperdiet risus enim a magna. Suspendisse risus urna, convallis sed pharetra vitae, varius at nisl. Proin suscipit tellus in vehicula eleifend. Aliquam pretium venenatis sem consequat mollis. Aliquam eu quam ac mi facilisis dictum. Maecenas accumsan fringilla ex et molestie. Nullam lacinia metus felis, at feugiat purus rutrum in. Nunc quam erat, congue id pellentesque sit amet, volutpat non est. In sit amet porttitor leo. Proin nec lobortis ligula. Donec sem ipsum, congue ut dolor quis, maximus vehicula metus. Praesent ac eleifend sapien, vel maximus urna.\n\nInteger accumsan volutpat velit, vel congue ligula tempus in. Nullam dignissim justo erat, a dictum ante molestie sed. Vestibulum consectetur libero nisi, vel imperdiet arcu semper quis. Donec et purus risus. Etiam lectus mi, egestas id elit a, pretium feugiat risus. Nunc velit mauris, semper vel nisi in, feugiat volutpat elit. Sed tincidunt sapien eu nisl placerat, nec vestibulum tellus imperdiet. Curabitur tempor, sem non vestibulum faucibus, lectus purus faucibus enim, ac consequat lorem turpis at erat.\n\nNam eget diam sit amet nunc egestas laoreet. Morbi pellentesque risus purus, quis fringilla lectus sagittis vitae. Mauris commodo, est ac ullamcorper rutrum, tortor lorem finibus purus, vitae accumsan urna arcu ultricies massa. Nulla id tortor imperdiet, posuere augue quis, porttitor sapien. Phasellus eget auctor ligula. Aliquam cursus vel lectus vel dignissim. Cras vel metus tellus. Nunc varius, dui venenatis placerat iaculis, eros tellus varius massa, vitae faucibus metus purus in sapien. Vestibulum dictum porttitor urna sed scelerisque. Integer leo tortor, vulputate vitae faucibus non, ornare nec turpis. Integer aliquam sapien massa, eu volutpat nibh aliquet ut. Curabitur placerat blandit sem, id malesuada nisl fringilla sit amet. Curabitur lectus dolor, dictum sed arcu id, mattis bibendum ligula.', 0, 1447808283, NULL, NULL, 11),
(12, 'Admin', 2, '127.0.0.1', NULL, 'Lorem ipsum dolor sit amet, consectetur adipiscing elit. Ut porta erat ac libero feugiat blandit. In feugiat turpis dolor, eu sagittis lectus iaculis non. In faucibus auctor felis vel fermentum. In at odio at eros porttitor mollis quis et ligula. Etiam pulvinar id metus vitae efficitur. Nullam consectetur eu lorem ac laoreet. Praesent purus augue, molestie et elit varius, fringilla auctor ex. Vivamus ante neque, convallis vel pulvinar ut, mollis eget est.\n\nDonec rutrum sed enim scelerisque dapibus. Nam ac turpis tempor, feugiat mauris in, pellentesque metus. Nullam in elit ut quam maximus tristique. In tincidunt lobortis tempus. Vestibulum egestas vitae purus sit amet eleifend. Nam in ipsum sit amet urna tincidunt faucibus a sit amet nulla. Maecenas eleifend molestie libero, id auctor dui posuere id.\n\nQuisque rhoncus massa quis arcu venenatis ultrices. Praesent id risus sit amet erat venenatis suscipit nec eget purus. Praesent quis volutpat elit, sed commodo dolor. Mauris mattis, justo at accumsan semper, enim lectus suscipit ante, in imperdiet risus enim a magna. Suspendisse risus urna, convallis sed pharetra vitae, varius at nisl. Proin suscipit tellus in vehicula eleifend. Aliquam pretium venenatis sem consequat mollis. Aliquam eu quam ac mi facilisis dictum. Maecenas accumsan fringilla ex et molestie. Nullam lacinia metus felis, at feugiat purus rutrum in. Nunc quam erat, congue id pellentesque sit amet, volutpat non est. In sit amet porttitor leo. Proin nec lobortis ligula. Donec sem ipsum, congue ut dolor quis, maximus vehicula metus. Praesent ac eleifend sapien, vel maximus urna.\n\nInteger accumsan volutpat velit, vel congue ligula tempus in. Nullam dignissim justo erat, a dictum ante molestie sed. Vestibulum consectetur libero nisi, vel imperdiet arcu semper quis. Donec et purus risus. Etiam lectus mi, egestas id elit a, pretium feugiat risus. Nunc velit mauris, semper vel nisi in, feugiat volutpat elit. Sed tincidunt sapien eu nisl placerat, nec vestibulum tellus imperdiet. Curabitur tempor, sem non vestibulum faucibus, lectus purus faucibus enim, ac consequat lorem turpis at erat.\n\nNam eget diam sit amet nunc egestas laoreet. Morbi pellentesque risus purus, quis fringilla lectus sagittis vitae. Mauris commodo, est ac ullamcorper rutrum, tortor lorem finibus purus, vitae accumsan urna arcu ultricies massa. Nulla id tortor imperdiet, posuere augue quis, porttitor sapien. Phasellus eget auctor ligula. Aliquam cursus vel lectus vel dignissim. Cras vel metus tellus. Nunc varius, dui venenatis placerat iaculis, eros tellus varius massa, vitae faucibus metus purus in sapien. Vestibulum dictum porttitor urna sed scelerisque. Integer leo tortor, vulputate vitae faucibus non, ornare nec turpis. Integer aliquam sapien massa, eu volutpat nibh aliquet ut. Curabitur placerat blandit sem, id malesuada nisl fringilla sit amet. Curabitur lectus dolor, dictum sed arcu id, mattis bibendum ligula.', 0, 1447808288, NULL, NULL, 12),
(13, 'Admin', 2, '127.0.0.1', NULL, 'Lorem ipsum dolor sit amet, consectetur adipiscing elit. Ut porta erat ac libero feugiat blandit. In feugiat turpis dolor, eu sagittis lectus iaculis non. In faucibus auctor felis vel fermentum. In at odio at eros porttitor mollis quis et ligula. Etiam pulvinar id metus vitae efficitur. Nullam consectetur eu lorem ac laoreet. Praesent purus augue, molestie et elit varius, fringilla auctor ex. Vivamus ante neque, convallis vel pulvinar ut, mollis eget est.\n\nDonec rutrum sed enim scelerisque dapibus. Nam ac turpis tempor, feugiat mauris in, pellentesque metus. Nullam in elit ut quam maximus tristique. In tincidunt lobortis tempus. Vestibulum egestas vitae purus sit amet eleifend. Nam in ipsum sit amet urna tincidunt faucibus a sit amet nulla. Maecenas eleifend molestie libero, id auctor dui posuere id.\n\nQuisque rhoncus massa quis arcu venenatis ultrices. Praesent id risus sit amet erat venenatis suscipit nec eget purus. Praesent quis volutpat elit, sed commodo dolor. Mauris mattis, justo at accumsan semper, enim lectus suscipit ante, in imperdiet risus enim a magna. Suspendisse risus urna, convallis sed pharetra vitae, varius at nisl. Proin suscipit tellus in vehicula eleifend. Aliquam pretium venenatis sem consequat mollis. Aliquam eu quam ac mi facilisis dictum. Maecenas accumsan fringilla ex et molestie. Nullam lacinia metus felis, at feugiat purus rutrum in. Nunc quam erat, congue id pellentesque sit amet, volutpat non est. In sit amet porttitor leo. Proin nec lobortis ligula. Donec sem ipsum, congue ut dolor quis, maximus vehicula metus. Praesent ac eleifend sapien, vel maximus urna.\n\nInteger accumsan volutpat velit, vel congue ligula tempus in. Nullam dignissim justo erat, a dictum ante molestie sed. Vestibulum consectetur libero nisi, vel imperdiet arcu semper quis. Donec et purus risus. Etiam lectus mi, egestas id elit a, pretium feugiat risus. Nunc velit mauris, semper vel nisi in, feugiat volutpat elit. Sed tincidunt sapien eu nisl placerat, nec vestibulum tellus imperdiet. Curabitur tempor, sem non vestibulum faucibus, lectus purus faucibus enim, ac consequat lorem turpis at erat.\n\nNam eget diam sit amet nunc egestas laoreet. Morbi pellentesque risus purus, quis fringilla lectus sagittis vitae. Mauris commodo, est ac ullamcorper rutrum, tortor lorem finibus purus, vitae accumsan urna arcu ultricies massa. Nulla id tortor imperdiet, posuere augue quis, porttitor sapien. Phasellus eget auctor ligula. Aliquam cursus vel lectus vel dignissim. Cras vel metus tellus. Nunc varius, dui venenatis placerat iaculis, eros tellus varius massa, vitae faucibus metus purus in sapien. Vestibulum dictum porttitor urna sed scelerisque. Integer leo tortor, vulputate vitae faucibus non, ornare nec turpis. Integer aliquam sapien massa, eu volutpat nibh aliquet ut. Curabitur placerat blandit sem, id malesuada nisl fringilla sit amet. Curabitur lectus dolor, dictum sed arcu id, mattis bibendum ligula.', 0, 1447808293, NULL, NULL, 13),
(14, 'Admin', 2, '127.0.0.1', NULL, 'Lorem ipsum dolor sit amet, consectetur adipiscing elit. Ut porta erat ac libero feugiat blandit. In feugiat turpis dolor, eu sagittis lectus iaculis non. In faucibus auctor felis vel fermentum. In at odio at eros porttitor mollis quis et ligula. Etiam pulvinar id metus vitae efficitur. Nullam consectetur eu lorem ac laoreet. Praesent purus augue, molestie et elit varius, fringilla auctor ex. Vivamus ante neque, convallis vel pulvinar ut, mollis eget est.\n\nDonec rutrum sed enim scelerisque dapibus. Nam ac turpis tempor, feugiat mauris in, pellentesque metus. Nullam in elit ut quam maximus tristique. In tincidunt lobortis tempus. Vestibulum egestas vitae purus sit amet eleifend. Nam in ipsum sit amet urna tincidunt faucibus a sit amet nulla. Maecenas eleifend molestie libero, id auctor dui posuere id.\n\nQuisque rhoncus massa quis arcu venenatis ultrices. Praesent id risus sit amet erat venenatis suscipit nec eget purus. Praesent quis volutpat elit, sed commodo dolor. Mauris mattis, justo at accumsan semper, enim lectus suscipit ante, in imperdiet risus enim a magna. Suspendisse risus urna, convallis sed pharetra vitae, varius at nisl. Proin suscipit tellus in vehicula eleifend. Aliquam pretium venenatis sem consequat mollis. Aliquam eu quam ac mi facilisis dictum. Maecenas accumsan fringilla ex et molestie. Nullam lacinia metus felis, at feugiat purus rutrum in. Nunc quam erat, congue id pellentesque sit amet, volutpat non est. In sit amet porttitor leo. Proin nec lobortis ligula. Donec sem ipsum, congue ut dolor quis, maximus vehicula metus. Praesent ac eleifend sapien, vel maximus urna.\n\nInteger accumsan volutpat velit, vel congue ligula tempus in. Nullam dignissim justo erat, a dictum ante molestie sed. Vestibulum consectetur libero nisi, vel imperdiet arcu semper quis. Donec et purus risus. Etiam lectus mi, egestas id elit a, pretium feugiat risus. Nunc velit mauris, semper vel nisi in, feugiat volutpat elit. Sed tincidunt sapien eu nisl placerat, nec vestibulum tellus imperdiet. Curabitur tempor, sem non vestibulum faucibus, lectus purus faucibus enim, ac consequat lorem turpis at erat.\n\nNam eget diam sit amet nunc egestas laoreet. Morbi pellentesque risus purus, quis fringilla lectus sagittis vitae. Mauris commodo, est ac ullamcorper rutrum, tortor lorem finibus purus, vitae accumsan urna arcu ultricies massa. Nulla id tortor imperdiet, posuere augue quis, porttitor sapien. Phasellus eget auctor ligula. Aliquam cursus vel lectus vel dignissim. Cras vel metus tellus. Nunc varius, dui venenatis placerat iaculis, eros tellus varius massa, vitae faucibus metus purus in sapien. Vestibulum dictum porttitor urna sed scelerisque. Integer leo tortor, vulputate vitae faucibus non, ornare nec turpis. Integer aliquam sapien massa, eu volutpat nibh aliquet ut. Curabitur placerat blandit sem, id malesuada nisl fringilla sit amet. Curabitur lectus dolor, dictum sed arcu id, mattis bibendum ligula.', 0, 1447808297, NULL, NULL, 14),
(15, 'Admin', 2, '127.0.0.1', NULL, 'Lorem ipsum dolor sit amet, consectetur adipiscing elit. Ut porta erat ac libero feugiat blandit. In feugiat turpis dolor, eu sagittis lectus iaculis non. In faucibus auctor felis vel fermentum. In at odio at eros porttitor mollis quis et ligula. Etiam pulvinar id metus vitae efficitur. Nullam consectetur eu lorem ac laoreet. Praesent purus augue, molestie et elit varius, fringilla auctor ex. Vivamus ante neque, convallis vel pulvinar ut, mollis eget est.\n\nDonec rutrum sed enim scelerisque dapibus. Nam ac turpis tempor, feugiat mauris in, pellentesque metus. Nullam in elit ut quam maximus tristique. In tincidunt lobortis tempus. Vestibulum egestas vitae purus sit amet eleifend. Nam in ipsum sit amet urna tincidunt faucibus a sit amet nulla. Maecenas eleifend molestie libero, id auctor dui posuere id.\n\nQuisque rhoncus massa quis arcu venenatis ultrices. Praesent id risus sit amet erat venenatis suscipit nec eget purus. Praesent quis volutpat elit, sed commodo dolor. Mauris mattis, justo at accumsan semper, enim lectus suscipit ante, in imperdiet risus enim a magna. Suspendisse risus urna, convallis sed pharetra vitae, varius at nisl. Proin suscipit tellus in vehicula eleifend. Aliquam pretium venenatis sem consequat mollis. Aliquam eu quam ac mi facilisis dictum. Maecenas accumsan fringilla ex et molestie. Nullam lacinia metus felis, at feugiat purus rutrum in. Nunc quam erat, congue id pellentesque sit amet, volutpat non est. In sit amet porttitor leo. Proin nec lobortis ligula. Donec sem ipsum, congue ut dolor quis, maximus vehicula metus. Praesent ac eleifend sapien, vel maximus urna.\n\nInteger accumsan volutpat velit, vel congue ligula tempus in. Nullam dignissim justo erat, a dictum ante molestie sed. Vestibulum consectetur libero nisi, vel imperdiet arcu semper quis. Donec et purus risus. Etiam lectus mi, egestas id elit a, pretium feugiat risus. Nunc velit mauris, semper vel nisi in, feugiat volutpat elit. Sed tincidunt sapien eu nisl placerat, nec vestibulum tellus imperdiet. Curabitur tempor, sem non vestibulum faucibus, lectus purus faucibus enim, ac consequat lorem turpis at erat.\n\nNam eget diam sit amet nunc egestas laoreet. Morbi pellentesque risus purus, quis fringilla lectus sagittis vitae. Mauris commodo, est ac ullamcorper rutrum, tortor lorem finibus purus, vitae accumsan urna arcu ultricies massa. Nulla id tortor imperdiet, posuere augue quis, porttitor sapien. Phasellus eget auctor ligula. Aliquam cursus vel lectus vel dignissim. Cras vel metus tellus. Nunc varius, dui venenatis placerat iaculis, eros tellus varius massa, vitae faucibus metus purus in sapien. Vestibulum dictum porttitor urna sed scelerisque. Integer leo tortor, vulputate vitae faucibus non, ornare nec turpis. Integer aliquam sapien massa, eu volutpat nibh aliquet ut. Curabitur placerat blandit sem, id malesuada nisl fringilla sit amet. Curabitur lectus dolor, dictum sed arcu id, mattis bibendum ligula.', 0, 1447808301, NULL, NULL, 15),
(16, 'Admin', 2, '127.0.0.1', NULL, 'Lorem ipsum dolor sit amet, consectetur adipiscing elit. Ut porta erat ac libero feugiat blandit. In feugiat turpis dolor, eu sagittis lectus iaculis non. In faucibus auctor felis vel fermentum. In at odio at eros porttitor mollis quis et ligula. Etiam pulvinar id metus vitae efficitur. Nullam consectetur eu lorem ac laoreet. Praesent purus augue, molestie et elit varius, fringilla auctor ex. Vivamus ante neque, convallis vel pulvinar ut, mollis eget est.\n\nDonec rutrum sed enim scelerisque dapibus. Nam ac turpis tempor, feugiat mauris in, pellentesque metus. Nullam in elit ut quam maximus tristique. In tincidunt lobortis tempus. Vestibulum egestas vitae purus sit amet eleifend. Nam in ipsum sit amet urna tincidunt faucibus a sit amet nulla. Maecenas eleifend molestie libero, id auctor dui posuere id.\n\nQuisque rhoncus massa quis arcu venenatis ultrices. Praesent id risus sit amet erat venenatis suscipit nec eget purus. Praesent quis volutpat elit, sed commodo dolor. Mauris mattis, justo at accumsan semper, enim lectus suscipit ante, in imperdiet risus enim a magna. Suspendisse risus urna, convallis sed pharetra vitae, varius at nisl. Proin suscipit tellus in vehicula eleifend. Aliquam pretium venenatis sem consequat mollis. Aliquam eu quam ac mi facilisis dictum. Maecenas accumsan fringilla ex et molestie. Nullam lacinia metus felis, at feugiat purus rutrum in. Nunc quam erat, congue id pellentesque sit amet, volutpat non est. In sit amet porttitor leo. Proin nec lobortis ligula. Donec sem ipsum, congue ut dolor quis, maximus vehicula metus. Praesent ac eleifend sapien, vel maximus urna.\n\nInteger accumsan volutpat velit, vel congue ligula tempus in. Nullam dignissim justo erat, a dictum ante molestie sed. Vestibulum consectetur libero nisi, vel imperdiet arcu semper quis. Donec et purus risus. Etiam lectus mi, egestas id elit a, pretium feugiat risus. Nunc velit mauris, semper vel nisi in, feugiat volutpat elit. Sed tincidunt sapien eu nisl placerat, nec vestibulum tellus imperdiet. Curabitur tempor, sem non vestibulum faucibus, lectus purus faucibus enim, ac consequat lorem turpis at erat.\n\nNam eget diam sit amet nunc egestas laoreet. Morbi pellentesque risus purus, quis fringilla lectus sagittis vitae. Mauris commodo, est ac ullamcorper rutrum, tortor lorem finibus purus, vitae accumsan urna arcu ultricies massa. Nulla id tortor imperdiet, posuere augue quis, porttitor sapien. Phasellus eget auctor ligula. Aliquam cursus vel lectus vel dignissim. Cras vel metus tellus. Nunc varius, dui venenatis placerat iaculis, eros tellus varius massa, vitae faucibus metus purus in sapien. Vestibulum dictum porttitor urna sed scelerisque. Integer leo tortor, vulputate vitae faucibus non, ornare nec turpis. Integer aliquam sapien massa, eu volutpat nibh aliquet ut. Curabitur placerat blandit sem, id malesuada nisl fringilla sit amet. Curabitur lectus dolor, dictum sed arcu id, mattis bibendum ligula.', 0, 1447808308, NULL, NULL, 16),
(17, 'Admin', 2, '127.0.0.1', NULL, 'Lorem ipsum dolor sit amet, consectetur adipiscing elit. Ut porta erat ac libero feugiat blandit. In feugiat turpis dolor, eu sagittis lectus iaculis non. In faucibus auctor felis vel fermentum. In at odio at eros porttitor mollis quis et ligula. Etiam pulvinar id metus vitae efficitur. Nullam consectetur eu lorem ac laoreet. Praesent purus augue, molestie et elit varius, fringilla auctor ex. Vivamus ante neque, convallis vel pulvinar ut, mollis eget est.\n\nDonec rutrum sed enim scelerisque dapibus. Nam ac turpis tempor, feugiat mauris in, pellentesque metus. Nullam in elit ut quam maximus tristique. In tincidunt lobortis tempus. Vestibulum egestas vitae purus sit amet eleifend. Nam in ipsum sit amet urna tincidunt faucibus a sit amet nulla. Maecenas eleifend molestie libero, id auctor dui posuere id.\n\nQuisque rhoncus massa quis arcu venenatis ultrices. Praesent id risus sit amet erat venenatis suscipit nec eget purus. Praesent quis volutpat elit, sed commodo dolor. Mauris mattis, justo at accumsan semper, enim lectus suscipit ante, in imperdiet risus enim a magna. Suspendisse risus urna, convallis sed pharetra vitae, varius at nisl. Proin suscipit tellus in vehicula eleifend. Aliquam pretium venenatis sem consequat mollis. Aliquam eu quam ac mi facilisis dictum. Maecenas accumsan fringilla ex et molestie. Nullam lacinia metus felis, at feugiat purus rutrum in. Nunc quam erat, congue id pellentesque sit amet, volutpat non est. In sit amet porttitor leo. Proin nec lobortis ligula. Donec sem ipsum, congue ut dolor quis, maximus vehicula metus. Praesent ac eleifend sapien, vel maximus urna.\n\nInteger accumsan volutpat velit, vel congue ligula tempus in. Nullam dignissim justo erat, a dictum ante molestie sed. Vestibulum consectetur libero nisi, vel imperdiet arcu semper quis. Donec et purus risus. Etiam lectus mi, egestas id elit a, pretium feugiat risus. Nunc velit mauris, semper vel nisi in, feugiat volutpat elit. Sed tincidunt sapien eu nisl placerat, nec vestibulum tellus imperdiet. Curabitur tempor, sem non vestibulum faucibus, lectus purus faucibus enim, ac consequat lorem turpis at erat.\n\nNam eget diam sit amet nunc egestas laoreet. Morbi pellentesque risus purus, quis fringilla lectus sagittis vitae. Mauris commodo, est ac ullamcorper rutrum, tortor lorem finibus purus, vitae accumsan urna arcu ultricies massa. Nulla id tortor imperdiet, posuere augue quis, porttitor sapien. Phasellus eget auctor ligula. Aliquam cursus vel lectus vel dignissim. Cras vel metus tellus. Nunc varius, dui venenatis placerat iaculis, eros tellus varius massa, vitae faucibus metus purus in sapien. Vestibulum dictum porttitor urna sed scelerisque. Integer leo tortor, vulputate vitae faucibus non, ornare nec turpis. Integer aliquam sapien massa, eu volutpat nibh aliquet ut. Curabitur placerat blandit sem, id malesuada nisl fringilla sit amet. Curabitur lectus dolor, dictum sed arcu id, mattis bibendum ligula.', 0, 1447808313, NULL, NULL, 17);
INSERT INTO `pun_posts` (`id`, `poster`, `poster_id`, `poster_ip`, `poster_email`, `message`, `hide_smilies`, `posted`, `edited`, `edited_by`, `topic_id`) VALUES
(18, 'Admin', 2, '127.0.0.1', NULL, 'Lorem ipsum dolor sit amet, consectetur adipiscing elit. Ut porta erat ac libero feugiat blandit. In feugiat turpis dolor, eu sagittis lectus iaculis non. In faucibus auctor felis vel fermentum. In at odio at eros porttitor mollis quis et ligula. Etiam pulvinar id metus vitae efficitur. Nullam consectetur eu lorem ac laoreet. Praesent purus augue, molestie et elit varius, fringilla auctor ex. Vivamus ante neque, convallis vel pulvinar ut, mollis eget est.\n\nDonec rutrum sed enim scelerisque dapibus. Nam ac turpis tempor, feugiat mauris in, pellentesque metus. Nullam in elit ut quam maximus tristique. In tincidunt lobortis tempus. Vestibulum egestas vitae purus sit amet eleifend. Nam in ipsum sit amet urna tincidunt faucibus a sit amet nulla. Maecenas eleifend molestie libero, id auctor dui posuere id.\n\nQuisque rhoncus massa quis arcu venenatis ultrices. Praesent id risus sit amet erat venenatis suscipit nec eget purus. Praesent quis volutpat elit, sed commodo dolor. Mauris mattis, justo at accumsan semper, enim lectus suscipit ante, in imperdiet risus enim a magna. Suspendisse risus urna, convallis sed pharetra vitae, varius at nisl. Proin suscipit tellus in vehicula eleifend. Aliquam pretium venenatis sem consequat mollis. Aliquam eu quam ac mi facilisis dictum. Maecenas accumsan fringilla ex et molestie. Nullam lacinia metus felis, at feugiat purus rutrum in. Nunc quam erat, congue id pellentesque sit amet, volutpat non est. In sit amet porttitor leo. Proin nec lobortis ligula. Donec sem ipsum, congue ut dolor quis, maximus vehicula metus. Praesent ac eleifend sapien, vel maximus urna.\n\nInteger accumsan volutpat velit, vel congue ligula tempus in. Nullam dignissim justo erat, a dictum ante molestie sed. Vestibulum consectetur libero nisi, vel imperdiet arcu semper quis. Donec et purus risus. Etiam lectus mi, egestas id elit a, pretium feugiat risus. Nunc velit mauris, semper vel nisi in, feugiat volutpat elit. Sed tincidunt sapien eu nisl placerat, nec vestibulum tellus imperdiet. Curabitur tempor, sem non vestibulum faucibus, lectus purus faucibus enim, ac consequat lorem turpis at erat.\n\nNam eget diam sit amet nunc egestas laoreet. Morbi pellentesque risus purus, quis fringilla lectus sagittis vitae. Mauris commodo, est ac ullamcorper rutrum, tortor lorem finibus purus, vitae accumsan urna arcu ultricies massa. Nulla id tortor imperdiet, posuere augue quis, porttitor sapien. Phasellus eget auctor ligula. Aliquam cursus vel lectus vel dignissim. Cras vel metus tellus. Nunc varius, dui venenatis placerat iaculis, eros tellus varius massa, vitae faucibus metus purus in sapien. Vestibulum dictum porttitor urna sed scelerisque. Integer leo tortor, vulputate vitae faucibus non, ornare nec turpis. Integer aliquam sapien massa, eu volutpat nibh aliquet ut. Curabitur placerat blandit sem, id malesuada nisl fringilla sit amet. Curabitur lectus dolor, dictum sed arcu id, mattis bibendum ligula.', 0, 1447808318, NULL, NULL, 18),
(19, 'Admin', 2, '127.0.0.1', NULL, 'Lorem ipsum dolor sit amet, consectetur adipiscing elit. Ut porta erat ac libero feugiat blandit. In feugiat turpis dolor, eu sagittis lectus iaculis non. In faucibus auctor felis vel fermentum. In at odio at eros porttitor mollis quis et ligula. Etiam pulvinar id metus vitae efficitur. Nullam consectetur eu lorem ac laoreet. Praesent purus augue, molestie et elit varius, fringilla auctor ex. Vivamus ante neque, convallis vel pulvinar ut, mollis eget est.\n\nDonec rutrum sed enim scelerisque dapibus. Nam ac turpis tempor, feugiat mauris in, pellentesque metus. Nullam in elit ut quam maximus tristique. In tincidunt lobortis tempus. Vestibulum egestas vitae purus sit amet eleifend. Nam in ipsum sit amet urna tincidunt faucibus a sit amet nulla. Maecenas eleifend molestie libero, id auctor dui posuere id.\n\nQuisque rhoncus massa quis arcu venenatis ultrices. Praesent id risus sit amet erat venenatis suscipit nec eget purus. Praesent quis volutpat elit, sed commodo dolor. Mauris mattis, justo at accumsan semper, enim lectus suscipit ante, in imperdiet risus enim a magna. Suspendisse risus urna, convallis sed pharetra vitae, varius at nisl. Proin suscipit tellus in vehicula eleifend. Aliquam pretium venenatis sem consequat mollis. Aliquam eu quam ac mi facilisis dictum. Maecenas accumsan fringilla ex et molestie. Nullam lacinia metus felis, at feugiat purus rutrum in. Nunc quam erat, congue id pellentesque sit amet, volutpat non est. In sit amet porttitor leo. Proin nec lobortis ligula. Donec sem ipsum, congue ut dolor quis, maximus vehicula metus. Praesent ac eleifend sapien, vel maximus urna.\n\nInteger accumsan volutpat velit, vel congue ligula tempus in. Nullam dignissim justo erat, a dictum ante molestie sed. Vestibulum consectetur libero nisi, vel imperdiet arcu semper quis. Donec et purus risus. Etiam lectus mi, egestas id elit a, pretium feugiat risus. Nunc velit mauris, semper vel nisi in, feugiat volutpat elit. Sed tincidunt sapien eu nisl placerat, nec vestibulum tellus imperdiet. Curabitur tempor, sem non vestibulum faucibus, lectus purus faucibus enim, ac consequat lorem turpis at erat.\n\nNam eget diam sit amet nunc egestas laoreet. Morbi pellentesque risus purus, quis fringilla lectus sagittis vitae. Mauris commodo, est ac ullamcorper rutrum, tortor lorem finibus purus, vitae accumsan urna arcu ultricies massa. Nulla id tortor imperdiet, posuere augue quis, porttitor sapien. Phasellus eget auctor ligula. Aliquam cursus vel lectus vel dignissim. Cras vel metus tellus. Nunc varius, dui venenatis placerat iaculis, eros tellus varius massa, vitae faucibus metus purus in sapien. Vestibulum dictum porttitor urna sed scelerisque. Integer leo tortor, vulputate vitae faucibus non, ornare nec turpis. Integer aliquam sapien massa, eu volutpat nibh aliquet ut. Curabitur placerat blandit sem, id malesuada nisl fringilla sit amet. Curabitur lectus dolor, dictum sed arcu id, mattis bibendum ligula.', 0, 1447808324, NULL, NULL, 19),
(20, 'Admin', 2, '127.0.0.1', NULL, 'Lorem ipsum dolor sit amet, consectetur adipiscing elit. Ut porta erat ac libero feugiat blandit. In feugiat turpis dolor, eu sagittis lectus iaculis non. In faucibus auctor felis vel fermentum. In at odio at eros porttitor mollis quis et ligula. Etiam pulvinar id metus vitae efficitur. Nullam consectetur eu lorem ac laoreet. Praesent purus augue, molestie et elit varius, fringilla auctor ex. Vivamus ante neque, convallis vel pulvinar ut, mollis eget est.\n\nDonec rutrum sed enim scelerisque dapibus. Nam ac turpis tempor, feugiat mauris in, pellentesque metus. Nullam in elit ut quam maximus tristique. In tincidunt lobortis tempus. Vestibulum egestas vitae purus sit amet eleifend. Nam in ipsum sit amet urna tincidunt faucibus a sit amet nulla. Maecenas eleifend molestie libero, id auctor dui posuere id.\n\nQuisque rhoncus massa quis arcu venenatis ultrices. Praesent id risus sit amet erat venenatis suscipit nec eget purus. Praesent quis volutpat elit, sed commodo dolor. Mauris mattis, justo at accumsan semper, enim lectus suscipit ante, in imperdiet risus enim a magna. Suspendisse risus urna, convallis sed pharetra vitae, varius at nisl. Proin suscipit tellus in vehicula eleifend. Aliquam pretium venenatis sem consequat mollis. Aliquam eu quam ac mi facilisis dictum. Maecenas accumsan fringilla ex et molestie. Nullam lacinia metus felis, at feugiat purus rutrum in. Nunc quam erat, congue id pellentesque sit amet, volutpat non est. In sit amet porttitor leo. Proin nec lobortis ligula. Donec sem ipsum, congue ut dolor quis, maximus vehicula metus. Praesent ac eleifend sapien, vel maximus urna.\n\nInteger accumsan volutpat velit, vel congue ligula tempus in. Nullam dignissim justo erat, a dictum ante molestie sed. Vestibulum consectetur libero nisi, vel imperdiet arcu semper quis. Donec et purus risus. Etiam lectus mi, egestas id elit a, pretium feugiat risus. Nunc velit mauris, semper vel nisi in, feugiat volutpat elit. Sed tincidunt sapien eu nisl placerat, nec vestibulum tellus imperdiet. Curabitur tempor, sem non vestibulum faucibus, lectus purus faucibus enim, ac consequat lorem turpis at erat.\n\nNam eget diam sit amet nunc egestas laoreet. Morbi pellentesque risus purus, quis fringilla lectus sagittis vitae. Mauris commodo, est ac ullamcorper rutrum, tortor lorem finibus purus, vitae accumsan urna arcu ultricies massa. Nulla id tortor imperdiet, posuere augue quis, porttitor sapien. Phasellus eget auctor ligula. Aliquam cursus vel lectus vel dignissim. Cras vel metus tellus. Nunc varius, dui venenatis placerat iaculis, eros tellus varius massa, vitae faucibus metus purus in sapien. Vestibulum dictum porttitor urna sed scelerisque. Integer leo tortor, vulputate vitae faucibus non, ornare nec turpis. Integer aliquam sapien massa, eu volutpat nibh aliquet ut. Curabitur placerat blandit sem, id malesuada nisl fringilla sit amet. Curabitur lectus dolor, dictum sed arcu id, mattis bibendum ligula.', 0, 1447808328, NULL, NULL, 20);

-- --------------------------------------------------------

--
-- Structure de la table `pun_topics`
--

CREATE TABLE IF NOT EXISTS `pun_topics` (
  `id` int(10) unsigned NOT NULL,
  `poster` varchar(200) NOT NULL DEFAULT '',
  `subject` varchar(255) NOT NULL DEFAULT '',
  `posted` int(10) unsigned NOT NULL DEFAULT '0',
  `first_post_id` int(10) unsigned NOT NULL DEFAULT '0',
  `last_post` int(10) unsigned NOT NULL DEFAULT '0',
  `last_post_id` int(10) unsigned NOT NULL DEFAULT '0',
  `last_poster` varchar(200) DEFAULT NULL,
  `num_views` mediumint(8) unsigned NOT NULL DEFAULT '0',
  `num_replies` mediumint(8) unsigned NOT NULL DEFAULT '0',
  `closed` tinyint(1) NOT NULL DEFAULT '0',
  `sticky` tinyint(1) NOT NULL DEFAULT '0',
  `moved_to` int(10) unsigned DEFAULT NULL,
  `forum_id` int(10) unsigned NOT NULL DEFAULT '0'
) ENGINE=MyISAM AUTO_INCREMENT=21 DEFAULT CHARSET=utf8;

--
-- Contenu de la table `pun_topics`
--

INSERT INTO `pun_topics` (`id`, `poster`, `subject`, `posted`, `first_post_id`, `last_post`, `last_post_id`, `last_poster`, `num_views`, `num_replies`, `closed`, `sticky`, `moved_to`, `forum_id`) VALUES
(1, 'Admin', 'Test topic', 1447806745, 1, 1447806745, 1, 'Admin', 0, 0, 0, 0, NULL, 1),
(2, 'Admin', 'Test', 1447808119, 2, 1447808119, 2, 'Admin', 1, 0, 0, 0, NULL, 26),
(3, 'Admin', 'Test', 1447808139, 3, 1447808139, 3, 'Admin', 1, 0, 0, 0, NULL, 15),
(4, 'Admin', 'Test', 1447808152, 4, 1447808152, 4, 'Admin', 1, 0, 0, 0, NULL, 57),
(5, 'Admin', 'Test', 1447808165, 5, 1447808165, 5, 'Admin', 1, 0, 0, 0, NULL, 7),
(6, 'Admin', 'Test', 1447808177, 6, 1447808177, 6, 'Admin', 1, 0, 0, 0, NULL, 3),
(7, 'Admin', 'Test', 1447808264, 7, 1447808264, 7, 'Admin', 1, 0, 0, 0, NULL, 54),
(8, 'Admin', 'Test', 1447808268, 8, 1447808268, 8, 'Admin', 1, 0, 0, 0, NULL, 49),
(9, 'Admin', 'Test', 1447808272, 9, 1447808272, 9, 'Admin', 1, 0, 0, 0, NULL, 6),
(10, 'Admin', 'Test', 1447808278, 10, 1447808278, 10, 'Admin', 1, 0, 0, 0, NULL, 10),
(11, 'Admin', 'Test', 1447808283, 11, 1447808283, 11, 'Admin', 1, 0, 0, 0, NULL, 2),
(12, 'Admin', 'Test', 1447808288, 12, 1447808288, 12, 'Admin', 1, 0, 0, 0, NULL, 30),
(13, 'Admin', 'Test', 1447808293, 13, 1447808293, 13, 'Admin', 1, 0, 0, 0, NULL, 11),
(14, 'Admin', 'Test', 1447808297, 14, 1447808297, 14, 'Admin', 1, 0, 0, 0, NULL, 59),
(15, 'Admin', 'Test', 1447808301, 15, 1447808301, 15, 'Admin', 1, 0, 0, 0, NULL, 22),
(16, 'Admin', 'Test', 1447808308, 16, 1447808308, 16, 'Admin', 1, 0, 0, 0, NULL, 13),
(17, 'Admin', 'Test', 1447808313, 17, 1447808313, 17, 'Admin', 1, 0, 0, 0, NULL, 5),
(18, 'Admin', 'Test', 1447808318, 18, 1447808318, 18, 'Admin', 1, 0, 0, 0, NULL, 47),
(19, 'Admin', 'Test', 1447808324, 19, 1447808324, 19, 'Admin', 1, 0, 0, 0, NULL, 24),
(20, 'Admin', 'Test', 1447808328, 20, 1447808328, 20, 'Admin', 1, 0, 0, 0, NULL, 20);

--
-- Index pour les tables exportées
--

--
-- Index pour la table `pun_categories`
--
ALTER TABLE `pun_categories`
  ADD PRIMARY KEY (`id`);

--
-- Index pour la table `pun_forums`
--
ALTER TABLE `pun_forums`
  ADD PRIMARY KEY (`id`);

--
-- Index pour la table `pun_posts`
--
ALTER TABLE `pun_posts`
  ADD PRIMARY KEY (`id`),
  ADD KEY `pun_posts_topic_id_idx` (`topic_id`),
  ADD KEY `pun_posts_multi_idx` (`poster_id`,`topic_id`);

--
-- Index pour la table `pun_topics`
--
ALTER TABLE `pun_topics`
  ADD PRIMARY KEY (`id`),
  ADD KEY `pun_topics_forum_id_idx` (`forum_id`),
  ADD KEY `pun_topics_moved_to_idx` (`moved_to`),
  ADD KEY `pun_topics_last_post_idx` (`last_post`),
  ADD KEY `pun_topics_first_post_id_idx` (`first_post_id`);

--
-- AUTO_INCREMENT pour les tables exportées
--

--
-- AUTO_INCREMENT pour la table `pun_categories`
--
ALTER TABLE `pun_categories`
  MODIFY `id` int(10) unsigned NOT NULL AUTO_INCREMENT,AUTO_INCREMENT=14;
--
-- AUTO_INCREMENT pour la table `pun_forums`
--
ALTER TABLE `pun_forums`
  MODIFY `id` int(10) unsigned NOT NULL AUTO_INCREMENT,AUTO_INCREMENT=63;
--
-- AUTO_INCREMENT pour la table `pun_posts`
--
ALTER TABLE `pun_posts`
  MODIFY `id` int(10) unsigned NOT NULL AUTO_INCREMENT,AUTO_INCREMENT=21;
--
-- AUTO_INCREMENT pour la table `pun_topics`
--
ALTER TABLE `pun_topics`
  MODIFY `id` int(10) unsigned NOT NULL AUTO_INCREMENT,AUTO_INCREMENT=21;
/*!40101 SET CHARACTER_SET_CLIENT=@OLD_CHARACTER_SET_CLIENT */;
/*!40101 SET CHARACTER_SET_RESULTS=@OLD_CHARACTER_SET_RESULTS */;
/*!40101 SET COLLATION_CONNECTION=@OLD_COLLATION_CONNECTION */;
